ID,NAME,PLATFORM
30742,acacia,Cargo
30745,aio,Cargo
30746,advapi32-sys,Cargo
30747,alfred,Cargo
30748,algebloat,Cargo
30750,allegro_acodec,Cargo
30751,algebra,Cargo
30753,allegro_acodec-sys,Cargo
30754,allegro,Cargo
30755,allegro_dialog,Cargo
30756,allegro_audio,Cargo
30757,allegro_audio-sys,Cargo
30758,allegro_examples,Cargo
30759,allegro_font-sys,Cargo
30760,allegro_dialog-sys,Cargo
30761,allegro_font,Cargo
30762,allegro_image,Cargo
30763,allegro_image-sys,Cargo
30764,allegro_primitives,Cargo
30765,allegro_primitives-sys,Cargo
30766,allegro-sys,Cargo
30767,allegro_ttf-sys,Cargo
30768,allegro_ttf,Cargo
30769,allocator,Cargo
30770,alsa-sys,Cargo
30771,amqp,Cargo
30774,ansi_term,Cargo
30776,ao,Cargo
30778,ascii,Cargo
30779,assert,Cargo
30780,artifact,Cargo
30782,astar,Cargo
30785,bare-websocket,Cargo
30786,base32,Cargo
30787,basehangul,Cargo
30788,basic-hll,Cargo
30792,beanstalkd,Cargo
30793,bencode,Cargo
30794,better_range,Cargo
30795,bincode,Cargo
30796,bindgen,Cargo
30799,bitmap,Cargo
30800,bitio,Cargo
30802,blas,Cargo
30803,bloom,Cargo
30804,bloomfilter,Cargo
30805,bmp,Cargo
30806,bodyparser,Cargo
30810,bread,Cargo
30813,bytekey,Cargo
30814,bzip2-sys,Cargo
30815,bzip2,Cargo
30818,cal,Cargo
30819,capnp,Cargo
30821,capnpc,Cargo
30822,capnp-rpc,Cargo
30823,carboxyl,Cargo
30824,cargo_rub,Cargo
30825,cargo-watch,Cargo
30826,caseless,Cargo
30827,cc,Cargo
30829,cellular_maps,Cargo
30830,cfor,Cargo
30831,cfg,Cargo
30832,cgmath,Cargo
30833,char_set,Cargo
30837,civet,Cargo
30838,chrono,Cargo
30839,civet-sys,Cargo
30840,cld2,Cargo
30841,cld2-sys,Cargo
30842,clj_rub,Cargo
30844,clock_ticks,Cargo
30847,coinaddress,Cargo
30848,collect,Cargo
30851,columnar,Cargo
30852,commandext,Cargo
30855,compress,Cargo
30857,conduit,Cargo
30858,conduit-conditional-get,Cargo
30859,conduit-json-parser,Cargo
30860,conduit-cookie,Cargo
30861,conduit-log-requests,Cargo
30862,conduit-middleware,Cargo
30863,conduit-mime-types,Cargo
30864,conduit-router,Cargo
30865,conduit-test,Cargo
30866,conduit-static,Cargo
30867,conduit-utils,Cargo
30868,confsolve,Cargo
30871,cookie,Cargo
30876,cow,Cargo
30878,cpal,Cargo
30880,cpuid,Cargo
30884,crdt,Cargo
30887,cson,Cargo
30890,cssparser,Cargo
30892,c_string,Cargo
30894,csv,Cargo
30896,curl-sys,Cargo
30897,curl,Cargo
30899,c_vec,Cargo
30900,date,Cargo
30904,debug_unreachable,Cargo
30906,deque,Cargo
30907,deuterium_orm,Cargo
30909,deuterium,Cargo
30910,dht,Cargo
30911,di,Cargo
30913,diecast,Cargo
30914,dimensioned,Cargo
30916,distributions,Cargo
30920,docopt,Cargo
30921,docopt_macros,Cargo
30922,drossel,Cargo
30923,dotenv,Cargo
30924,drossel-journal,Cargo
30925,dsfmt-rs,Cargo
30926,duktape,Cargo
30927,duktape_sys,Cargo
30930,ecc,Cargo
30932,eccles,Cargo
30933,ecs,Cargo
30935,email,Cargo
30936,emailaddress,Cargo
30942,encoding,Cargo
30943,encoding-index-korean,Cargo
30944,encoding-index-japanese,Cargo
30945,encoding-index-simpchinese,Cargo
30946,encoding-index-singlebyte,Cargo
30947,encoding-index-tradchinese,Cargo
30949,enforce,Cargo
30950,epsilonz,Cargo
30951,enigma,Cargo
30953,error,Cargo
30955,event,Cargo
30956,event-emitter,Cargo
30958,eventfd,Cargo
30959,extprim,Cargo
30960,extprim_literals,Cargo
30961,faker,Cargo
30963,fast_brainfuck,Cargo
30964,fern,Cargo
30965,fern_macros,Cargo
30968,fftw3,Cargo
30970,findup,Cargo
30971,fftw3-sys,Cargo
30972,flate2,Cargo
30973,fingertree,Cargo
30974,float-cmp,Cargo
30975,fmod,Cargo
30978,fontconfig,Cargo
30980,fontconfig-sys,Cargo
30983,fractran_macros,Cargo
30984,fps_counter,Cargo
30986,free,Cargo
30988,freetype-sys,Cargo
30989,freetype-rs,Cargo
30991,fsevent,Cargo
30992,fsevent-sys,Cargo
30993,fromxml,Cargo
30994,ftp,Cargo
30996,fuse,Cargo
30997,fuzzy,Cargo
30999,game2048,Cargo
31000,gcc,Cargo
31001,gdk,Cargo
31002,gdi32-sys,Cargo
31003,generic-matrix,Cargo
31004,geo,Cargo
31005,genmesh,Cargo
31006,geocoding,Cargo
31007,geohash,Cargo
31009,geoip,Cargo
31010,geoip-sys,Cargo
31011,geojson,Cargo
31012,getopts,Cargo
31013,git,Cargo
31014,git2,Cargo
31015,gl,Cargo
31016,gl_common,Cargo
31017,glium,Cargo
31018,gl_generator,Cargo
31021,glutin,Cargo
31022,glob,Cargo
31023,gmp-sys,Cargo
31024,gnuplot,Cargo
31025,gnunet,Cargo
31026,googl,Cargo
31028,grabbag,Cargo
31030,grabbag_macros,Cargo
31031,groove,Cargo
31033,GSL,Cargo
31036,handlebars,Cargo
31037,handlebars-iron,Cargo
31038,hash_ring,Cargo
31040,heliotrope,Cargo
31042,hematite,Cargo
31044,hex2d,Cargo
31046,hkdf,Cargo
31048,hkt,Cargo
31050,hotspot,Cargo
31053,hue,Cargo
31055,http,Cargo
31056,hyper,Cargo
31058,i3,Cargo
31059,hyperdex,Cargo
31060,hyperloglog,Cargo
31062,img_hash,Cargo
31063,image,Cargo
31065,inotify,Cargo
31066,integer_set,Cargo
31071,intrusive-containers,Cargo
31072,intrusive,Cargo
31075,iobuf,Cargo
31076,iocp,Cargo
31077,iptrap,Cargo
31078,irc,Cargo
31081,iron,Cargo
31082,iron-test,Cargo
31083,irsc,Cargo
31085,itertools,Cargo
31086,jit,Cargo
31087,jit_macros,Cargo
31089,json_macros,Cargo
31090,jsonway,Cargo
31091,julius,Cargo
31092,k8055,Cargo
31094,kernel32-sys,Cargo
31095,kinetic-rust,Cargo
31097,kiss3d,Cargo
31100,lambda,Cargo
31101,language-tags,Cargo
31102,lapack,Cargo
31103,lazy,Cargo
31104,lazysort,Cargo
31105,lazy_static,Cargo
31109,leveldb,Cargo
31110,leveldb-sys,Cargo
31111,leveldb-rs,Cargo
31113,libaio,Cargo
31114,libblas-sys,Cargo
31115,libc,Cargo
31117,libgit2-sys,Cargo
31118,libjit-sys,Cargo
31119,liblapack-sys,Cargo
31120,liblmdb-sys,Cargo
31122,libnanomsg,Cargo
31123,libssh2-sys,Cargo
31124,libressl-pnacl-sys,Cargo
31126,libtar-sys,Cargo
31129,libz-sys,Cargo
31130,linenoise,Cargo
31131,linenoise-rust,Cargo
31132,linenoise-sys,Cargo
31134,lmdb,Cargo
31136,llvmint,Cargo
31138,lmdb-rs,Cargo
31139,lua,Cargo
31140,log,Cargo
31141,lua52-sys,Cargo
31142,logger,Cargo
31143,lux,Cargo
31144,lzf,Cargo
31145,magic,Cargo
31146,magic-sys,Cargo
31147,malloc_buf,Cargo
31148,markov,Cargo
31151,matrix,Cargo
31152,maybe_utf8,Cargo
31153,maxminddb,Cargo
31156,memcache,Cargo
31158,Memoirs,Cargo
31160,metafactory,Cargo
31161,mime,Cargo
31162,midi,Cargo
31163,miniz-sys,Cargo
31164,mio,Cargo
31167,modifier,Cargo
31169,monad,Cargo
31173,mount,Cargo
31175,mpack,Cargo
31176,mpd,Cargo
31177,mpfr-sys,Cargo
31181,multipart,Cargo
31182,murmurhash64,Cargo
31184,mustache,Cargo
31185,mux,Cargo
31186,mysql,Cargo
31187,nalgebra,Cargo
31188,nanomsg,Cargo
31193,ncollide,Cargo
31195,netaddr,Cargo
31197,neovim,Cargo
31201,nice,Cargo
31202,nix,Cargo
31204,node_rub,Cargo
31205,noise,Cargo
31207,nom,Cargo
31208,notify,Cargo
31210,nphysics,Cargo
31212,num,Cargo
31213,number_prefix,Cargo
31215,nx,Cargo
31216,oauth2,Cargo
31217,oauthcli,Cargo
31218,oauth-client,Cargo
31219,obj,Cargo
31220,objc,Cargo
31221,objc_test_utils,Cargo
31222,ogg-sys,Cargo
31223,obj-rs,Cargo
31224,old-http,Cargo
31225,ole32-sys,Cargo
31226,oncemutex,Cargo
31227,openssl,Cargo
31228,openssl2-sys,Cargo
31229,openssl-sys,Cargo
31230,opentype,Cargo
31231,ordered-float,Cargo
31232,pad,Cargo
31236,pb,Cargo
31239,peg,Cargo
31240,petgraph,Cargo
31241,phant,Cargo
31242,persistent,Cargo
31245,phf,Cargo
31246,phf_mac,Cargo
31247,pidfile,Cargo
31248,phf_shared,Cargo
31249,pipes,Cargo
31250,piston,Cargo
31251,piston2d-drag_controller,Cargo
31252,piston2d-graphics,Cargo
31253,piston2d-sprite,Cargo
31254,piston-ai_behavior,Cargo
31256,pistoncore-event,Cargo
31257,pistoncore-event_loop,Cargo
31258,pistoncore-input,Cargo
31259,pistoncore-window,Cargo
31260,pistoncore-sdl2_window,Cargo
31262,pitch_calc,Cargo
31263,pkg-config,Cargo
31264,plugin,Cargo
31265,pnacl-build-helper,Cargo
31266,pnet,Cargo
31267,pop3,Cargo
31268,polymap,Cargo
31269,polynomial,Cargo
31270,pocket,Cargo
31272,portaudio,Cargo
31274,portmidi,Cargo
31275,postgres_array,Cargo
31276,postgres,Cargo
31277,postgres_macros,Cargo
31278,postgres_range,Cargo
31279,ppapi,Cargo
31280,prctl,Cargo
31281,pretty,Cargo
31283,probability,Cargo
31286,protobuf,Cargo
31287,ptrace,Cargo
31288,puppetfile,Cargo
31290,python27-sys,Cargo
31291,python_rub,Cargo
31293,qrcode,Cargo
31294,queryst,Cargo
31295,quickcheck_macros,Cargo
31296,quickcheck,Cargo
31297,r2d2,Cargo
31298,r2d2_postgres,Cargo
31299,racer,Cargo
31303,rblas,Cargo
31304,rdrand,Cargo
31306,readline,Cargo
31307,recursive_sync,Cargo
31308,redis,Cargo
31309,readline-sys,Cargo
31310,redlock-rs,Cargo
31311,regex,Cargo
31312,regex_macros,Cargo
31315,resources_package,Cargo
31318,rethinkdb,Cargo
31321,roaring,Cargo
31322,rocksdb,Cargo
31324,rope,Cargo
31325,router,Cargo
31327,rscam,Cargo
31328,rsmtp,Cargo
31329,rtlsdr,Cargo
31330,rum,Cargo
31334,rusqlite,Cargo
31335,rust-assimp,Cargo
31339,rustbox,Cargo
31340,rust-crypto,Cargo
31341,rustclient,Cargo
31342,rustc-serialize,Cargo
31343,rust_erl_ext,Cargo
31344,rustfmt,Cargo
31346,rust-freqdist,Cargo
31348,rustic-io,Cargo
31350,rustless,Cargo
31351,rust-mdbm,Cargo
31354,rust_rub,Cargo
31355,rustspec,Cargo
31357,rust-sqlite,Cargo
31359,rust-xmlrpc,Cargo
31362,rusty-tags,Cargo
31363,scgi,Cargo
31364,schroedinger_box,Cargo
31366,scirust,Cargo
31367,scm,Cargo
31368,screenshot,Cargo
31369,sdl,Cargo
31371,sdl2,Cargo
31372,sdl2_gfx,Cargo
31373,sdl2_mixer,Cargo
31374,sdl2-sys,Cargo
31376,sdl2_ttf,Cargo
31377,secrets,Cargo
31378,select,Cargo
31380,selectors,Cargo
31381,select_color,Cargo
31382,semver,Cargo
31383,sequence_trie,Cargo
31384,serde,Cargo
31386,sfunc,Cargo
31387,sha1,Cargo
31390,shared_slice,Cargo
31391,shell32-sys,Cargo
31393,simd,Cargo
31394,shoggoth,Cargo
31396,simple-cgi,Cargo
31400,simpleflake,Cargo
31401,skia,Cargo
31402,slack-hook,Cargo
31403,slack,Cargo
31404,slow_primes,Cargo
31405,smtp,Cargo
31406,solvent,Cargo
31409,sortrs,Cargo
31410,sort_str_to_sql,Cargo
31411,soundchange-english,Cargo
31412,soundchange,Cargo
31413,special,Cargo
31414,speculate,Cargo
31416,splay,Cargo
31417,ssh2,Cargo
31418,spread,Cargo
31420,static,Cargo
31423,stl,Cargo
31424,stopwatch,Cargo
31425,stomp,Cargo
31427,stream,Cargo
31428,strided,Cargo
31429,string_telephone,Cargo
31430,substudy,Cargo
31432,streaming-stats,Cargo
31434,svd_macros,Cargo
31435,superchan,Cargo
31436,suffix,Cargo
31437,syncbox,Cargo
31438,syntex,Cargo
31439,syntex_syntax,Cargo
31441,swapi,Cargo
31443,syslog,Cargo
31445,tabwriter,Cargo
31446,tailrec,Cargo
31447,tape,Cargo
31448,tar,Cargo
31449,taskpool,Cargo
31451,tcod,Cargo
31452,tcod-sys,Cargo
31454,tempan,Cargo
31455,temperature,Cargo
31456,termbox,Cargo
31457,term,Cargo
31458,text_table,Cargo
31459,texture_packer,Cargo
31460,termbox-sys,Cargo
31463,tgff,Cargo
31464,tiled,Cargo
31465,time,Cargo
31466,tinycdb,Cargo
31467,time_calc,Cargo
31470,toml,Cargo
31472,tox,Cargo
31474,traverse,Cargo
31479,tweetust,Cargo
31481,twitter-api,Cargo
31486,typedopts,Cargo
31488,typemap,Cargo
31490,uchardet,Cargo
31491,uchardet-sys,Cargo
31493,udev,Cargo
31496,unicase,Cargo
31497,unicode_names,Cargo
31498,unicode_names_macros,Cargo
31500,union-find,Cargo
31501,unsafe-any,Cargo
31503,uptime,Cargo
31504,topdown-rs,Cargo
31505,url,Cargo
31506,usb,Cargo
31507,users,Cargo
31508,user32-sys,Cargo
31511,utmp,Cargo
31512,utp,Cargo
31513,uuid,Cargo
31514,v8_rub,Cargo
31515,valico,Cargo
31518,vecmath,Cargo
31521,vorbis,Cargo
31522,utils,Cargo
31523,vorbisfile-sys,Cargo
31524,vorbis-sys,Cargo
31530,websocket,Cargo
31531,water,Cargo
31533,winapi,Cargo
31534,winmm-sys,Cargo
31535,wire,Cargo
31536,wkt,Cargo
31538,wren,Cargo
31539,wren-rs,Cargo
31540,wren-sys,Cargo
31543,xml-rs,Cargo
31544,xsv,Cargo
31547,yaml,Cargo
31548,zip,Cargo
31551,zlib,Cargo
31552,zmq,Cargo
31553,zmq-sys,Cargo
31554,zookeeper,Cargo
95185,gdal,Cargo
95188,gpx,Cargo
95196,piston2d-opengl_graphics,Cargo
117877,atomicwrites,Cargo
117878,beanstalkd-cli,Cargo
117879,conrod,Cargo
117880,cql_ffi,Cargo
117881,cql-ffi-safe,Cargo
117883,datetime,Cargo
117884,doubly,Cargo
117885,emojicons,Cargo
117887,flowers,Cargo
117888,glfw-sys,Cargo
117889,hoedown,Cargo
117890,hueclient,Cargo
117891,lodepng,Cargo
117892,mozjpeg-sys,Cargo
117895,psutil,Cargo
117896,punkt,Cargo
117910,discrete,Cargo
117912,glfw,Cargo
117913,glib-2_0-sys,Cargo
117914,gobject-2_0-sys,Cargo
117915,grust,Cargo
117916,markdown,Cargo
117917,maud,Cargo
117918,maud_macros,Cargo
117919,mongo_rub,Cargo
117920,phf_macros,Cargo
117922,rustfft,Cargo
125508,activeds-sys,Cargo
125509,aclui-sys,Cargo
125510,adsiid-sys,Cargo
125511,ahadmin-sys,Cargo
125512,advpack-sys,Cargo
125513,alink-sys,Cargo
125514,amstrmid-sys,Cargo
125515,apidll-sys,Cargo
125516,api-ms-win-net-isolation-l1-1-0-sys,Cargo
125517,appmgmts-sys,Cargo
125518,appmgr-sys,Cargo
125519,appnotify-sys,Cargo
125520,asycfilt-sys,Cargo
125521,audiobaseprocessingobject-sys,Cargo
125522,audioeng-sys,Cargo
125523,audiomediatypecrt-sys,Cargo
125524,authz-sys,Cargo
125525,aux_ulib-sys,Cargo
125526,avifil32-sys,Cargo
125527,avrt-sys,Cargo
125528,basesrv-sys,Cargo
125529,bcrypt-sys,Cargo
125530,bits-sys,Cargo
125531,bluetoothapis-sys,Cargo
125532,bufferoverflow-sys,Cargo
125533,bufferoverflowu-sys,Cargo
125534,bthprops-sys,Cargo
125535,cabinet-sys,Cargo
125537,certadm-sys,Cargo
125538,certidl-sys,Cargo
125539,certcli-sys,Cargo
125540,certca-sys,Cargo
125541,certpoleng-sys,Cargo
125542,cfgmgr32-sys,Cargo
125543,clfsw32-sys,Cargo
125544,clfsmgmt-sys,Cargo
125545,clusapi-sys,Cargo
125546,comctl32-sys,Cargo
125547,comdlg32-sys,Cargo
125548,comppkgsup-sys,Cargo
125549,compstui-sys,Cargo
125550,comsvcs-sys,Cargo
125551,correngine-sys,Cargo
125552,corguids-sys,Cargo
125553,credui-sys,Cargo
125554,crypt32-sys,Cargo
125555,cryptdll-sys,Cargo
125556,cryptnet-sys,Cargo
125557,cryptxml-sys,Cargo
125558,cryptui-sys,Cargo
125559,cscapi-sys,Cargo
125560,cscdll-sys,Cargo
125561,d2d1-sys,Cargo
125562,d3d10_1-sys,Cargo
125563,d3d10-sys,Cargo
125564,d3d11-sys,Cargo
125565,d3d9-sys,Cargo
125566,d3dcompiler-sys,Cargo
125567,d3dcsxd-sys,Cargo
125568,d3dcsx-sys,Cargo
125569,davclnt-sys,Cargo
125570,dbghelp-sys,Cargo
125571,dbgeng-sys,Cargo
125572,ddraw-sys,Cargo
125573,dciman32-sys,Cargo
125574,dcomp-sys,Cargo
125575,dflayout-sys,Cargo
125576,devenum-sys,Cargo
125577,deviceaccess-sys,Cargo
125578,devmgr-sys,Cargo
125579,dhcpcsvc-sys,Cargo
125580,dhcpcsvc6-sys,Cargo
125581,dhcpsapi-sys,Cargo
125582,diffusion,Cargo
125583,difxapi-sys,Cargo
125584,dinput8-sys,Cargo
125585,dmoguids-sys,Cargo
125586,dloadhelper-sys,Cargo
125587,dnsapi-sys,Cargo
125588,dnsperf-sys,Cargo
125589,dnscrcli-sys,Cargo
125590,dnslib-sys,Cargo
125591,dnsrpc-sys,Cargo
125592,dnsrslvr-sys,Cargo
125593,dpx-sys,Cargo
125594,drtprov-sys,Cargo
125595,drt-sys,Cargo
125596,drttransport-sys,Cargo
125597,dsound-sys,Cargo
125598,dsprop-sys,Cargo
125599,dststlog-sys,Cargo
125600,dssec-sys,Cargo
125601,dsuiext-sys,Cargo
125602,dtchelp-sys,Cargo
125603,dwrite-sys,Cargo
125604,dwmapi-sys,Cargo
125605,dxgi-sys,Cargo
125606,dxguid-sys,Cargo
125607,dxva2-sys,Cargo
125608,dxtmsft-sys,Cargo
125609,dxtrans-sys,Cargo
125610,eappprxy-sys,Cargo
125611,eappcfg-sys,Cargo
125612,easregprov-sys,Cargo
125613,efswrt-sys,Cargo
125614,ehstorguids-sys,Cargo
125615,elscore-sys,Cargo
125616,elfapi-sys,Cargo
125617,els-sys,Cargo
125618,esent-sys,Cargo
125619,evr_vista-sys,Cargo
125620,evr-sys,Cargo
125621,faultrep-sys,Cargo
125622,feclient-sys,Cargo
125623,fhsvcctl-sys,Cargo
125624,fileextd-sys,Cargo
125625,fltlib-sys,Cargo
125626,fontsub-sys,Cargo
125627,format-sys,Cargo
125628,framedyd-sys,Cargo
125629,framedyn-sys,Cargo
125630,fxsutility-sys,Cargo
125631,fwpuclnt-sys,Cargo
125632,gdiplus-sys,Cargo
125633,glmf32-sys,Cargo
125634,glu32-sys,Cargo
125635,gpedit-sys,Cargo
125636,gpmuuid-sys,Cargo
125637,hbaapi-sys,Cargo
125638,hhsetup-sys,Cargo
125639,hid-sys,Cargo
125640,hlink-sys,Cargo
125641,htmlhelp-sys,Cargo
125642,httpapi-sys,Cargo
125643,icm32-sys,Cargo
125644,icmui-sys,Cargo
125645,iashlpr-sys,Cargo
125646,identicon,Cargo
125647,iepmapi-sys,Cargo
125648,iesetup-sys,Cargo
125649,imagehlp-sys,Cargo
125650,imgutil-sys,Cargo
125651,imm32-sys,Cargo
125652,infocardapi-sys,Cargo
125653,inseng-sys,Cargo
125654,int64-sys,Cargo
125655,iprop-sys,Cargo
125656,iphlpapi-sys,Cargo
125657,irprops-sys,Cargo
125658,iscsidsc-sys,Cargo
125659,jetoledb-sys,Cargo
125660,jsrt-sys,Cargo
125661,kerbcli-sys,Cargo
125662,ksproxy-sys,Cargo
125663,ktmw32-sys,Cargo
125664,ksuser-sys,Cargo
125665,loadperf-sys,Cargo
125666,locationapi-sys,Cargo
125667,lz32-sys,Cargo
125668,mapi32-sys,Cargo
125669,magnification-sys,Cargo
125670,mbnapi_uuid-sys,Cargo
125671,mciole32-sys,Cargo
125672,mdmregistration-sys,Cargo
125673,memcached-rs,Cargo
125674,mfcore-sys,Cargo
125675,mfplat-sys,Cargo
125676,mfplat_vista-sys,Cargo
125677,mfplay-sys,Cargo
125678,mfsrcsnk-sys,Cargo
125679,mfreadwrite-sys,Cargo
125680,mf-sys,Cargo
125681,mf_vista-sys,Cargo
125682,mfuuid-sys,Cargo
125683,mgmtapi-sys,Cargo
125684,mincore-sys,Cargo
125685,mincore_downlevel-sys,Cargo
125686,mi-sys,Cargo
125687,mmc-sys,Cargo
125688,mmdevapi-sys,Cargo
125689,mprsnap-sys,Cargo
125690,mprapi-sys,Cargo
125691,mpr-sys,Cargo
125692,mqrt-sys,Cargo
125693,msaatext-sys,Cargo
125694,msacm32-sys,Cargo
125695,mscms-sys,Cargo
125696,mscoree-sys,Cargo
125697,mscorsn-sys,Cargo
125698,mqoa-sys,Cargo
125699,msctfmonitor-sys,Cargo
125700,msdasc-sys,Cargo
125701,msdelta-sys,Cargo
125702,msdrm-sys,Cargo
125703,msdmo-sys,Cargo
125704,msimg32-sys,Cargo
125705,msi-sys,Cargo
125706,mspatcha-sys,Cargo
125707,mspbase-sys,Cargo
125708,msports-sys,Cargo
125709,mspatchc-sys,Cargo
125710,mstask-sys,Cargo
125711,msrating-sys,Cargo
125712,msv1_0-sys,Cargo
125713,mswsock-sys,Cargo
125714,msxml6-sys,Cargo
125715,msvfw32-sys,Cargo
125716,msxml2-sys,Cargo
125717,mtxdm-sys,Cargo
125718,mtx-sys,Cargo
125719,muiload-sys,Cargo
125720,nddeapi-sys,Cargo
125721,ncrypt-sys,Cargo
125722,ndfapi-sys,Cargo
125723,ndproxystub-sys,Cargo
125724,netlib-sys,Cargo
125725,netapi32-sys,Cargo
125726,netsh-sys,Cargo
125727,newdev-sys,Cargo
125728,ninput-sys,Cargo
125729,normaliz-sys,Cargo
125730,ntdll-sys,Cargo
125731,ntdsatq-sys,Cargo
125732,ntdsapi-sys,Cargo
125733,ntdsa-sys,Cargo
125734,ntdsetup-sys,Cargo
125735,ntlanman-sys,Cargo
125736,ntmarta-sys,Cargo
125737,ntfrsapi-sys,Cargo
125738,ntquery-sys,Cargo
125739,ntstc_msvcrt-sys,Cargo
125740,ntstc_libcmt-sys,Cargo
125741,nt-sys,Cargo
125742,ntvdm-sys,Cargo
125743,odbc32-sys,Cargo
125744,objsel-sys,Cargo
125745,odbcbcp-sys,Cargo
125746,odbccp32-sys,Cargo
125747,oemlicense-sys,Cargo
125748,oleaut32-sys,Cargo
125749,oleacc-sys,Cargo
125750,oledb-sys,Cargo
125751,olecli32-sys,Cargo
125752,oledlg-sys,Cargo
125753,olepro32-sys,Cargo
125754,olesvr32-sys,Cargo
125755,ondemandconnroutehelper-sys,Cargo
125756,opengl32-sys,Cargo
125757,osptk-sys,Cargo
125758,p2pgraph-sys,Cargo
125759,p2p-sys,Cargo
125760,patchwiz-sys,Cargo
125762,pathcch-sys,Cargo
125763,peerdist-sys,Cargo
125764,pdh-sys,Cargo
125765,photoacquireuid-sys,Cargo
125766,portabledeviceguids-sys,Cargo
125767,powrprof-sys,Cargo
125768,prntvpt-sys,Cargo
125769,propsys-sys,Cargo
125770,psapi-sys,Cargo
125771,quartz-sys,Cargo
125772,query-sys,Cargo
125773,qutil-sys,Cargo
125774,qwave-sys,Cargo
125775,rasdlg-sys,Cargo
125776,rasapi32-sys,Cargo
125777,rasuser-sys,Cargo
125778,repl,Cargo
125779,resutils-sys,Cargo
125780,rl-sys,Cargo
125781,rometadata-sys,Cargo
125782,rpcexts-sys,Cargo
125783,rpcproxy-sys,Cargo
125784,rpcutil-sys,Cargo
125785,rpcns4-sys,Cargo
125786,rpcrt4-sys,Cargo
125787,rstrtmgr-sys,Cargo
125788,rtm-sys,Cargo
125789,rtutils-sys,Cargo
125790,rtworkq-sys,Cargo
125791,runtimeobject-sys,Cargo
125792,rust-ini,Cargo
125793,samlib-sys,Cargo
125794,sapi-sys,Cargo
125795,sas-sys,Cargo
125796,samsrv-sys,Cargo
125797,sbtsv-sys,Cargo
125798,scesrv-sys,Cargo
125799,scecli-sys,Cargo
125800,scarddlg-sys,Cargo
125801,schannel-sys,Cargo
125802,scrnsave-sys,Cargo
125803,scrnsavw-sys,Cargo
125804,searchsdk-sys,Cargo
125805,secur32-sys,Cargo
125806,security-sys,Cargo
125807,sensapi-sys,Cargo
125808,sensorsapi-sys,Cargo
125809,sens-sys,Cargo
125810,sfc-sys,Cargo
125811,setupapi-sys,Cargo
125812,shdocvw-sys,Cargo
125813,shcore-sys,Cargo
125814,shlwapi-sys,Cargo
125815,shfolder-sys,Cargo
125816,sisbkup-sys,Cargo
125817,slc-sys,Cargo
125818,slcext-sys,Cargo
125819,slwga-sys,Cargo
125820,snmpapi-sys,Cargo
125821,spoolss-sys,Cargo
125822,sporder-sys,Cargo
125823,srclient-sys,Cargo
125824,ssdpapi-sys,Cargo
125825,sti-sys,Cargo
125826,strmbase-sys,Cargo
125827,strmiids-sys,Cargo
125828,strsafe-sys,Cargo
125829,structuredquery-sys,Cargo
125830,svcguid-sys,Cargo
125831,swdevice-sys,Cargo
125832,synchronization-sys,Cargo
125833,t2embed-sys,Cargo
125834,tapi32l-sys,Cargo
125835,taskschd-sys,Cargo
125836,tapi32-sys,Cargo
125837,tbs-sys,Cargo
125838,tdh-sys,Cargo
125839,thunk32-sys,Cargo
125840,tlbref-sys,Cargo
125841,traffic-sys,Cargo
125842,transcodeimageuid-sys,Cargo
125843,tsec-sys,Cargo
125844,tspubplugincom-sys,Cargo
125845,twain_32-sys,Cargo
125846,twinapi-sys,Cargo
125847,txfw32-sys,Cargo
125848,ualapi-sys,Cargo
125849,uiautomationcore-sys,Cargo
125850,umpdddi-sys,Cargo
125851,unicows-sys,Cargo
125852,urlmon-sys,Cargo
125853,userenv-sys,Cargo
125854,usp10-sys,Cargo
125855,uuid-sys,Cargo
125856,uxtheme-sys,Cargo
125857,vdmdbg-sys,Cargo
125858,vccomsup-sys,Cargo
125859,vds_uuid-sys,Cargo
125860,version-sys,Cargo
125861,vfw32-sys,Cargo
125862,virtdisk-sys,Cargo
125863,vscmgr-sys,Cargo
125864,vssapi-sys,Cargo
125865,vss_uuid-sys,Cargo
125866,vstorinterface-sys,Cargo
125867,wbemuuid-sys,Cargo
125868,wcmapi-sys,Cargo
125869,wcmguid-sys,Cargo
125870,wdsbp-sys,Cargo
125871,wdsclientapi-sys,Cargo
125872,wdsmc-sys,Cargo
125873,wdspxe-sys,Cargo
125874,wdstptc-sys,Cargo
125875,webservices-sys,Cargo
125876,wecapi-sys,Cargo
125877,websocket-sys,Cargo
125878,wevtapi-sys,Cargo
125879,wer-sys,Cargo
125880,wiaguid-sys,Cargo
125881,wiaservc-sys,Cargo
125882,wiautil-sys,Cargo
125883,winbio-sys,Cargo
125884,windowscodecs-sys,Cargo
125885,windows-data-pdf-sys,Cargo
125886,windows-networking-sys,Cargo
125887,windows-ui-sys,Cargo
125888,windowssideshowguids-sys,Cargo
125889,winfax-sys,Cargo
125890,winhttp-sys,Cargo
125891,wininet-sys,Cargo
125892,winsatapi-sys,Cargo
125893,winscard-sys,Cargo
125894,winspool-sys,Cargo
125895,winsta-sys,Cargo
125896,winstrm-sys,Cargo
125897,wintrust-sys,Cargo
125898,winusb-sys,Cargo
125899,wlanapi-sys,Cargo
125900,wldap32-sys,Cargo
125901,wlanui-sys,Cargo
125902,wmcodecdspuuid-sys,Cargo
125903,wmip-sys,Cargo
125904,wmdrmsdk-sys,Cargo
125905,wmiutils-sys,Cargo
125906,wmvcore-sys,Cargo
125907,wnvapi-sys,Cargo
125908,workspaceax-sys,Cargo
125909,wow32-sys,Cargo
125910,ws2_32-sys,Cargo
125911,wsbonline-sys,Cargo
125912,wsbapp_uuid-sys,Cargo
125913,wscapi-sys,Cargo
125914,wsclient-sys,Cargo
125915,wsdapi-sys,Cargo
125916,wsmsvc-sys,Cargo
125917,wsock32-sys,Cargo
125918,wsnmp32-sys,Cargo
125919,wtsapi32-sys,Cargo
125920,wuguid-sys,Cargo
125921,xapobase-sys,Cargo
125922,xaudio2-sys,Cargo
125923,xaswitch-sys,Cargo
125924,xinput-sys,Cargo
125925,xinput9_1_0-sys,Cargo
125926,xmllite-sys,Cargo
125927,xolehlp-sys,Cargo
125928,xpsprint-sys,Cargo
126302,piston3d-cam,Cargo
164382,elf,Cargo
164383,env_logger,Cargo
164384,SLSR,Cargo
164386,t,Cargo
247309,log4rs,Cargo
396253,bytes,Cargo
427639,bio,Cargo
427641,macaroons,Cargo
427642,simple,Cargo
427644,snowflake,Cargo
428071,cbor,Cargo
428072,gfx,Cargo
428073,gfx_device_gl,Cargo
428074,gfx_gl,Cargo
428075,gfx_macros,Cargo
428076,mach,Cargo
